t,alpha,alpha_dot
0,0.5,0
0.005,0.5,-0.0235158
0.01,0.499882,-0.0470316
0.015,0.499647,-0.0705424
0.02,0.499295,-0.094043
0.025,0.498824,-0.117528
0.03,0.498237,-0.140994
0.035,0.497532,-0.164434
0.04,0.49671,-0.187843
0.045,0.49577,-0.211217
0.05,0.494714,-0.234551
0.055,0.493542,-0.257839
0.06,0.492252,-0.281076
0.065,0.490847,-0.304258
0.07,0.489326,-0.327378
0.075,0.487689,-0.350433
0.08,0.485937,-0.373418
0.085,0.484069,-0.396326
0.09,0.482088,-0.419153
0.095,0.479992,-0.441894
0.1,0.477783,-0.464544
0.105,0.47546,-0.487098
0.11,0.473024,-0.50955
0.115,0.470477,-0.531896
0.12,0.467817,-0.554131
0.125,0.465047,-0.57625
0.13,0.462165,-0.598247
0.135,0.459174,-0.620118
0.14,0.456073,-0.641857
0.145,0.452864,-0.66346
0.15,0.449547,-0.684921
0.155,0.446122,-0.706237
0.16,0.442591,-0.7274
0.165,0.438954,-0.748407
0.17,0.435212,-0.769253
0.175,0.431366,-0.789933
0.18,0.427416,-0.810441
0.185,0.423364,-0.830774
0.19,0.41921,-0.850925
0.195,0.414955,-0.87089
0.2,0.410601,-0.890664
0.205,0.406148,-0.910243
0.21,0.401596,-0.929622
0.215,0.396948,-0.948795
0.22,0.392204,-0.967758
0.225,0.387366,-0.986506
0.23,0.382433,-1.00503
0.235,0.377408,-1.02334
0.24,0.372291,-1.04141
0.245,0.367084,-1.05926
0.25,0.361788,-1.07686
0.255,0.356404,-1.09422
0.26,0.350932,-1.11134
0.265,0.345376,-1.1282
0.27,0.339735,-1.1448
0.275,0.334011,-1.16115
0.28,0.328205,-1.17723
0.285,0.322319,-1.19304
0.29,0.316354,-1.20858
0.295,0.310311,-1.22384
0.3,0.304192,-1.23881
0.305,0.297997,-1.25351
0.31,0.29173,-1.26791
0.315,0.28539,-1.28201
0.32,0.27898,-1.29582
0.325,0.272501,-1.30933
0.33,0.265955,-1.32253
0.335,0.259342,-1.33542
0.34,0.252665,-1.348
0.345,0.245925,-1.36026
0.35,0.239123,-1.37221
0.355,0.232262,-1.38382
0.36,0.225343,-1.39511
0.365,0.218368,-1.40607
0.37,0.211337,-1.4167
0.375,0.204254,-1.42699
0.38,0.197119,-1.43694
0.385,0.189934,-1.44654
0.39,0.182702,-1.4558
0.395,0.175423,-1.46472
0.4,0.168099,-1.47328
0.405,0.160733,-1.48148
0.41,0.153325,-1.48933
0.415,0.145878,-1.49682
0.42,0.138394,-1.50395
0.425,0.130875,-1.51072
0.43,0.123321,-1.51712
0.435,0.115735,-1.52316
0.44,0.10812,-1.52882
0.445,0.100475,-1.53411
0.45,0.0928049,-1.53903
0.455,0.0851098,-1.54358
0.46,0.0773919,-1.54775
0.465,0.0696531,-1.55154
0.47,0.0618954,-1.55495
0.475,0.0541207,-1.55799
0.48,0.0463307,-1.56064
0.485,0.0385275,-1.56291
0.49,0.030713,-1.5648
0.495,0.0228889,-1.56631
0.5,0.0150574,-1.56743
0.505,0.00722025,-1.56817
0.51,-0.000620601,-1.56852
0.515,-0.00846322,-1.56849
0.52,-0.0163057,-1.56808
0.525,-0.0241461,-1.56728
0.53,-0.0319825,-1.56609
0.535,-0.0398129,-1.56453
0.54,-0.0476356,-1.56257
0.545,-0.0554484,-1.56024
0.55,-0.0632496,-1.55752
0.555,-0.0710372,-1.55442
0.56,-0.0788093,-1.55094
0.565,-0.086564,-1.54708
0.57,-0.0942994,-1.54284
0.575,-0.102014,-1.53822
0.58,-0.109705,-1.53322
0.585,-0.117371,-1.52785
0.59,-0.12501,-1.52211
0.595,-0.132621,-1.51599
0.6,-0.1402,-1.50951
0.605,-0.147748,-1.50265
0.61,-0.155261,-1.49543
0.615,-0.162738,-1.48785
0.62,-0.170178,-1.4799
0.625,-0.177577,-1.47159
0.63,-0.184935,-1.46293
0.635,-0.19225,-1.45391
0.64,-0.199519,-1.44454
0.645,-0.206742,-1.43481
0.65,-0.213916,-1.42475
0.655,-0.22104,-1.41433
0.66,-0.228111,-1.40358
0.665,-0.235129,-1.39249
0.67,-0.242092,-1.38106
0.675,-0.248997,-1.3693
0.68,-0.255844,-1.35721
0.685,-0.26263,-1.3448
0.69,-0.269354,-1.33207
0.695,-0.276014,-1.31901
0.7,-0.282609,-1.30565
0.705,-0.289137,-1.29197
0.71,-0.295597,-1.27798
0.715,-0.301987,-1.26369
0.72,-0.308305,-1.24911
0.725,-0.314551,-1.23422
0.73,-0.320722,-1.21905
0.735,-0.326817,-1.20358
0.74,-0.332835,-1.18784
0.745,-0.338774,-1.17181
0.75,-0.344634,-1.15551
0.755,-0.350411,-1.13894
0.76,-0.356106,-1.1221
0.765,-0.361716,-1.105
0.77,-0.367241,-1.08764
0.775,-0.372679,-1.07003
0.78,-0.37803,-1.05217
0.785,-0.38329,-1.03407
0.79,-0.388461,-1.01572
0.795,-0.393539,-0.997146
0.8,-0.398525,-0.978337
0.805,-0.403417,-0.959303
0.81,-0.408213,-0.940048
0.815,-0.412914,-0.920576
0.82,-0.417516,-0.900893
0.825,-0.422021,-0.881004
0.83,-0.426426,-0.860913
0.835,-0.430731,-0.840625
0.84,-0.434934,-0.820145
0.845,-0.439034,-0.799478
0.85,-0.443032,-0.778628
0.855,-0.446925,-0.757601
0.86,-0.450713,-0.736402
0.865,-0.454395,-0.715036
0.87,-0.45797,-0.693507
0.875,-0.461438,-0.67182
0.88,-0.464797,-0.649981
0.885,-0.468047,-0.627995
0.89,-0.471187,-0.605867
0.895,-0.474216,-0.583601
0.9,-0.477134,-0.561202
0.905,-0.47994,-0.538677
0.91,-0.482633,-0.516029
0.915,-0.485214,-0.493264
0.92,-0.48768,-0.470388
0.925,-0.490032,-0.447404
0.93,-0.492269,-0.424318
0.935,-0.49439,-0.401136
0.94,-0.496396,-0.377862
0.945,-0.498285,-0.354502
0.95,-0.500058,-0.33106
0.955,-0.501713,-0.307541
0.96,-0.503251,-0.283952
0.965,-0.504671,-0.260296
0.97,-0.505972,-0.236579
0.975,-0.507155,-0.212807
0.98,-0.508219,-0.188984
0.985,-0.509164,-0.165115
0.99,-0.50999,-0.141206
0.995,-0.510696,-0.117261
1,-0.511282,-0.0932862
1.005,-0.511748,-0.0692862
1.01,-0.512095,-0.0452663
1.015,-0.512321,-0.0212316
1.02,-0.512427,0.00281278
1.025,-0.512413,0.0268617
1.03,-0.512279,0.05091
1.035,-0.512024,0.0749526
1.04,-0.51165,0.0989843
1.045,-0.511155,0.123
1.05,-0.51054,0.146995
1.055,-0.509805,0.170963
1.06,-0.50895,0.194899
1.065,-0.507975,0.2188
1.07,-0.506881,0.242658
1.075,-0.505668,0.266469
1.08,-0.504336,0.290229
1.085,-0.502885,0.313931
1.09,-0.501315,0.337571
1.095,-0.499627,0.361143
1.1,-0.497821,0.384643
1.105,-0.495898,0.408065
1.11,-0.493858,0.431404
1.115,-0.491701,0.454655
1.12,-0.489427,0.477813
1.125,-0.487038,0.500872
1.13,-0.484534,0.523828
1.135,-0.481915,0.546676
1.14,-0.479182,0.569409
1.145,-0.476335,0.592024
1.15,-0.473374,0.614514
1.155,-0.470302,0.636876
1.16,-0.467117,0.659103
1.165,-0.463822,0.681191
1.17,-0.460416,0.703135
1.175,-0.4569,0.724929
1.18,-0.453276,0.746568
1.185,-0.449543,0.768047
1.19,-0.445703,0.789362
1.195,-0.441756,0.810507
1.2,-0.437703,0.831478
1.205,-0.433546,0.852268
1.21,-0.429284,0.872873
1.215,-0.42492,0.893289
1.22,-0.420454,0.91351
1.225,-0.415886,0.933531
1.23,-0.411218,0.953347
1.235,-0.406452,0.972954
1.24,-0.401587,0.992346
1.245,-0.396625,1.01152
1.25,-0.391568,1.03047
1.255,-0.386415,1.04919
1.26,-0.381169,1.06767
1.265,-0.375831,1.08592
1.27,-0.370401,1.10392
1.275,-0.364882,1.12168
1.28,-0.359273,1.13918
1.285,-0.353578,1.15643
1.29,-0.347795,1.17341
1.295,-0.341928,1.19013
1.3,-0.335978,1.20657
1.305,-0.329945,1.22275
1.31,-0.323831,1.23864
1.315,-0.317638,1.25425
1.32,-0.311367,1.26956
1.325,-0.305019,1.28459
1.33,-0.298596,1.29932
1.335,-0.292099,1.31375
1.34,-0.285531,1.32788
1.345,-0.278891,1.34169
1.35,-0.272183,1.35519
1.355,-0.265407,1.36838
1.36,-0.258565,1.38125
1.365,-0.251659,1.39379
1.37,-0.24469,1.406
1.375,-0.23766,1.41789
1.38,-0.23057,1.42943
1.385,-0.223423,1.44064
1.39,-0.21622,1.45151
1.395,-0.208962,1.46203
1.4,-0.201652,1.47221
1.405,-0.194291,1.48203
1.41,-0.186881,1.4915
1.415,-0.179423,1.50062
1.42,-0.17192,1.50937
1.425,-0.164373,1.51776
1.43,-0.156785,1.52579
1.435,-0.149156,1.53345
1.44,-0.141489,1.54074
1.445,-0.133785,1.54765
1.45,-0.126047,1.55419
1.455,-0.118276,1.56036
1.46,-0.110474,1.56615
1.465,-0.102643,1.57156
1.47,-0.0947853,1.57658
1.475,-0.0869024,1.58122
1.48,-0.0789962,1.58548
1.485,-0.0710688,1.58935
1.49,-0.0631221,1.59284
1.495,-0.0551579,1.59593
1.5,-0.0471782,1.59863
1.505,-0.0391851,1.60095
1.51,-0.0311803,1.60287
1.515,-0.023166,1.6044
1.52,-0.015144,1.60553
1.525,-0.00711633,1.60628
1.53,0.000915055,1.60663
1.535,0.00894818,1.60658
1.54,0.0169811,1.60614
1.545,0.0250118,1.60531
1.55,0.0330383,1.60408
1.555,0.0410588,1.60246
1.56,0.0490711,1.60045
1.565,0.0570733,1.59804
1.57,0.0650635,1.59524
1.575,0.0730397,1.59206
1.58,0.081,1.58848
1.585,0.0889424,1.58451
1.59,0.0968649,1.58015
1.595,0.104766,1.57541
1.6,0.112643,1.57028
1.605,0.120494,1.56476
1.61,0.128318,1.55887
1.615,0.136112,1.55259
1.62,0.143875,1.54594
1.625,0.151605,1.5389
1.63,0.159299,1.5315
1.635,0.166957,1.52371
1.64,0.174575,1.51556
1.645,0.182153,1.50704
1.65,0.189689,1.49816
1.655,0.197179,1.48891
1.66,0.204624,1.4793
1.665,0.21202,1.46933
1.67,0.219367,1.45901
1.675,0.226662,1.44834
1.68,0.233904,1.43732
1.685,0.24109,1.42595
1.69,0.24822,1.41424
1.695,0.255291,1.40218
1.7,0.262302,1.3898
1.705,0.269251,1.37708
1.71,0.276137,1.36403
1.715,0.282957,1.35066
1.72,0.28971,1.33696
1.725,0.296395,1.32295
1.73,0.30301,1.30863
1.735,0.309553,1.29399
1.74,0.316023,1.27905
1.745,0.322418,1.2638
1.75,0.328737,1.24826
1.755,0.334978,1.23243
1.76,0.34114,1.2163
1.765,0.347222,1.19989
1.77,0.353221,1.1832
1.775,0.359137,1.16623
1.78,0.364968,1.14899
1.785,0.370713,1.13149
1.79,0.376371,1.11372
1.795,0.381939,1.09569
1.8,0.387418,1.0774
1.805,0.392805,1.05887
1.81,0.398099,1.0401
1.815,0.4033,1.02108
1.82,0.408405,1.00183
1.825,0.413414,0.982354
1.83,0.418326,0.962648
1.835,0.423139,0.942723
1.84,0.427853,0.922581
1.845,0.432466,0.90223
1.85,0.436977,0.881672
1.855,0.441385,0.860914
1.86,0.44569,0.83996
1.865,0.44989,0.818816
1.87,0.453984,0.797486
1.875,0.457971,0.775975
1.88,0.461851,0.754288
1.885,0.465623,0.732431
1.89,0.469285,0.710409
1.895,0.472837,0.688226
1.9,0.476278,0.665888
1.905,0.479607,0.6434
1.91,0.482824,0.620767
1.915,0.485928,0.597994
1.92,0.488918,0.575086
1.925,0.491794,0.552049
1.93,0.494554,0.528887
1.935,0.497198,0.505606
1.94,0.499726,0.482211
1.945,0.502137,0.458707
1.95,0.504431,0.435099
1.955,0.506606,0.411393
1.96,0.508663,0.387593
1.965,0.510601,0.363705
1.97,0.51242,0.339734
1.975,0.514119,0.315686
1.98,0.515697,0.291564
1.985,0.517155,0.267376
1.99,0.518492,0.243125
1.995,0.519707,0.218817
2,0.520801,0.194458
2.005,0.521774,0.170052
2.01,0.522624,0.145604
2.015,0.523352,0.121121
2.02,0.523958,0.0966062
2.025,0.524441,0.072066
2.03,0.524801,0.0475052
2.035,0.525038,0.0229292
2.04,0.525153,-0.00165695
2.045,0.525145,-0.0262479
2.05,0.525014,-0.0508386
2.055,0.524759,-0.0754237
2.06,0.524382,-0.0999979
2.065,0.523882,-0.124556
2.07,0.523259,-0.149093
2.075,0.522514,-0.173604
2.08,0.521646,-0.198083
2.085,0.520656,-0.222525
2.09,0.519543,-0.246925
2.095,0.518308,-0.271277
2.1,0.516952,-0.295577
2.105,0.515474,-0.319819
2.11,0.513875,-0.343998
2.115,0.512155,-0.368109
2.12,0.510314,-0.392146
2.125,0.508354,-0.416105
2.13,0.506273,-0.439979
2.135,0.504073,-0.463765
2.14,0.501754,-0.487456
2.145,0.499317,-0.511047
2.15,0.496762,-0.534534
2.155,0.494089,-0.55791
2.16,0.4913,-0.581171
2.165,0.488394,-0.604311
2.17,0.485372,-0.627326
2.175,0.482236,-0.65021
2.18,0.478985,-0.672957
2.185,0.47562,-0.695563
2.19,0.472142,-0.718023
2.195,0.468552,-0.74033
2.2,0.46485,-0.762481
2.205,0.461038,-0.78447
2.21,0.457115,-0.806291
2.215,0.453084,-0.82794
2.22,0.448944,-0.849411
2.225,0.444697,-0.870699
2.23,0.440344,-0.8918
2.235,0.435885,-0.912707
2.24,0.431321,-0.933417
2.245,0.426654,-0.953923
2.25,0.421885,-0.974222
2.255,0.417013,-0.994307
2.26,0.412042,-1.01417
2.265,0.406971,-1.03382
2.27,0.401802,-1.05323
2.275,0.396536,-1.07241
2.28,0.391174,-1.09136
2.285,0.385717,-1.11006
2.29,0.380167,-1.12851
2.295,0.374524,-1.14672
2.3,0.36879,-1.16466
2.305,0.362967,-1.18234
2.31,0.357055,-1.19976
2.315,0.351057,-1.2169
2.32,0.344972,-1.23377
2.325,0.338803,-1.25036
2.33,0.332552,-1.26666
2.335,0.326218,-1.28267
2.34,0.319805,-1.29839
2.345,0.313313,-1.31381
2.35,0.306744,-1.32893
2.355,0.300099,-1.34374
2.36,0.293381,-1.35824
2.365,0.286589,-1.37242
2.37,0.279727,-1.38629
2.375,0.272796,-1.39983
2.38,0.265797,-1.41305
2.385,0.258731,-1.42593
2.39,0.251602,-1.43848
2.395,0.244409,-1.45069
2.4,0.237156,-1.46256
2.405,0.229843,-1.47408
2.41,0.222473,-1.48526
2.415,0.215046,-1.49608
2.42,0.207566,-1.50655
2.425,0.200033,-1.51666
2.43,0.19245,-1.5264
2.435,0.184818,-1.53578
2.44,0.177139,-1.5448
2.445,0.169415,-1.55344
2.45,0.161648,-1.56171
2.455,0.153839,-1.56961
2.46,0.145991,-1.57712
2.465,0.138106,-1.58426
2.47,0.130184,-1.59101
2.475,0.122229,-1.59738
2.48,0.114242,-1.60336
2.485,0.106226,-1.60895
2.49,0.0981809,-1.61415
2.495,0.0901101,-1.61896
2.5,0.0820153,-1.62337
2.505,0.0738985,-1.62739
2.51,0.0657615,-1.63101
2.515,0.0576065,-1.63424
2.52,0.0494353,-1.63706
2.525,0.04125,-1.63948
2.53,0.0330526,-1.64151
2.535,0.024845,-1.64313
2.54,0.0166294,-1.64435
2.545,0.00840768,-1.64516
2.55,0.000181873,-1.64557
2.555,-0.00804599,-1.64558
2.56,-0.0162739,-1.64519
2.565,-0.0244998,-1.64439
2.57,-0.0327218,-1.64319
2.575,-0.0409377,-1.64158
2.58,-0.0491456,-1.63958
2.585,-0.0573435,-1.63717
2.59,-0.0655294,-1.63435
2.595,-0.0737011,-1.63114
2.6,-0.0818568,-1.62753
2.605,-0.0899945,-1.62352
2.61,-0.0981121,-1.61911
2.615,-0.106208,-1.61431
2.62,-0.114279,-1.60911
2.625,-0.122325,-1.60351
2.63,-0.130342,-1.59753
2.635,-0.13833,-1.59115
2.64,-0.146286,-1.58439
2.645,-0.154208,-1.57724
2.65,-0.162094,-1.56971
2.655,-0.169942,-1.56179
2.66,-0.177751,-1.5535
2.665,-0.185519,-1.54482
2.67,-0.193243,-1.53578
2.675,-0.200922,-1.52636
2.68,-0.208554,-1.51657
2.685,-0.216136,-1.50641
2.69,-0.223669,-1.49589
2.695,-0.231148,-1.48501
2.7,-0.238573,-1.47378
2.705,-0.245942,-1.46218
2.71,-0.253253,-1.45024
2.715,-0.260504,-1.43795
2.72,-0.267694,-1.42532
2.725,-0.27482,-1.41234
2.73,-0.281882,-1.39903
2.735,-0.288877,-1.38539
2.74,-0.295804,-1.37142
2.745,-0.302661,-1.35712
2.75,-0.309447,-1.3425
2.755,-0.316159,-1.32756
2.76,-0.322797,-1.31231
2.765,-0.329359,-1.29675
2.77,-0.335842,-1.28089
2.775,-0.342247,-1.26472
2.78,-0.348571,-1.24826
2.785,-0.354812,-1.23151
2.79,-0.360969,-1.21447
2.795,-0.367042,-1.19714
2.8,-0.373027,-1.17954
2.805,-0.378925,-1.16166
2.81,-0.384733,-1.14352
2.815,-0.390451,-1.12511
2.82,-0.396077,-1.10644
2.825,-0.401609,-1.08752
2.83,-0.407046,-1.06834
2.835,-0.412388,-1.04893
2.84,-0.417633,-1.02927
2.845,-0.422779,-1.00937
2.85,-0.427826,-0.989247
2.855,-0.432772,-0.968896
2.86,-0.437617,-0.948325
2.865,-0.442358,-0.927539
2.87,-0.446996,-0.906542
2.875,-0.451529,-0.88534
2.88,-0.455955,-0.863937
2.885,-0.460275,-0.842339
2.89,-0.464487,-0.820552
2.895,-0.468589,-0.798579
2.9,-0.472582,-0.776427
2.905,-0.476464,-0.7541
2.91,-0.480235,-0.731603
2.915,-0.483893,-0.708943
2.92,-0.487438,-0.686123
2.925,-0.490868,-0.66315
2.93,-0.494184,-0.640028
2.935,-0.497384,-0.616763
2.94,-0.500468,-0.59336
2.945,-0.503435,-0.569824
2.95,-0.506284,-0.546161
2.955,-0.509015,-0.522375
2.96,-0.511627,-0.498472
2.965,-0.514119,-0.474457
2.97,-0.516491,-0.450336
2.975,-0.518743,-0.426113
2.98,-0.520874,-0.401795
2.985,-0.522883,-0.377386
2.99,-0.524769,-0.352891
2.995,-0.526534,-0.328317
3,-0.528175,-0.303667
3.005,-0.529694,-0.278948
3.01,-0.531089,-0.254164
3.015,-0.532359,-0.229322
3.02,-0.533506,-0.204426
3.025,-0.534528,-0.179481
3.03,-0.535426,-0.154493
3.035,-0.536198,-0.129468
3.04,-0.536845,-0.104409
3.045,-0.537367,-0.0793239
3.05,-0.537764,-0.0542164
3.055,-0.538035,-0.0290922
3.06,-0.538181,-0.00395653
3.065,-0.5382,0.0211853
3.07,-0.538094,0.0463279
3.075,-0.537863,0.071466
3.08,-0.537505,0.0965944
3.085,-0.537022,0.121708
3.09,-0.536414,0.146801
3.095,-0.53568,0.171868
3.1,-0.534821,0.196904
3.105,-0.533836,0.221905
3.11,-0.532727,0.246863
3.115,-0.531492,0.271775
3.12,-0.530133,0.296634
3.125,-0.52865,0.321436
3.13,-0.527043,0.346176
3.135,-0.525312,0.370847
3.14,-0.523458,0.395445
3.145,-0.521481,0.419964
3.15,-0.519381,0.444399
3.155,-0.517159,0.468744
3.16,-0.514815,0.492995
3.165,-0.51235,0.517146
3.17,-0.509764,0.541192
3.175,-0.507058,0.565127
3.18,-0.504233,0.588946
3.185,-0.501288,0.612644
3.19,-0.498225,0.636215
3.195,-0.495044,0.659654
3.2,-0.491746,0.682956
3.205,-0.488331,0.706116
3.21,-0.4848,0.729128
3.215,-0.481155,0.751987
3.22,-0.477395,0.774687
3.225,-0.473521,0.797224
3.23,-0.469535,0.819592
3.235,-0.465437,0.841786
3.24,-0.461228,0.8638
3.245,-0.456909,0.88563
3.25,-0.452481,0.90727
3.255,-0.447945,0.928714
3.26,-0.443301,0.949958
3.265,-0.438551,0.970997
3.27,-0.433696,0.991825
3.275,-0.428737,1.01244
3.28,-0.423675,1.03283
3.285,-0.418511,1.05299
3.29,-0.413246,1.07293
3.295,-0.407881,1.09263
3.3,-0.402418,1.11208
3.305,-0.396858,1.13129
3.31,-0.391201,1.15025
3.315,-0.38545,1.16895
3.32,-0.379605,1.1874
3.325,-0.373668,1.20557
3.33,-0.36764,1.22348
3.335,-0.361523,1.2411
3.34,-0.355317,1.25845
3.345,-0.349025,1.27552
3.35,-0.342648,1.29229
3.355,-0.336186,1.30877
3.36,-0.329642,1.32495
3.365,-0.323018,1.34083
3.37,-0.316313,1.3564
3.375,-0.309531,1.37166
3.38,-0.302673,1.3866
3.385,-0.29574,1.40122
3.39,-0.288734,1.41552
3.395,-0.281656,1.42948
3.4,-0.274509,1.44312
3.405,-0.267293,1.45641
3.41,-0.260011,1.46937
3.415,-0.252665,1.48198
3.42,-0.245255,1.49424
3.425,-0.237783,1.50615
3.43,-0.230253,1.5177
3.435,-0.222664,1.5289
3.44,-0.21502,1.53973
3.445,-0.207321,1.55019
3.45,-0.19957,1.56029
3.455,-0.191769,1.57001
3.46,-0.183919,1.57936
3.465,-0.176022,1.58833
3.47,-0.16808,1.59692
3.475,-0.160096,1.60513
3.48,-0.15207,1.61295
3.485,-0.144005,1.62038
3.49,-0.135903,1.62742
3.495,-0.127766,1.63406
3.5,-0.119596,1.64031
3.505,-0.111394,1.64616
3.51,-0.103163,1.65162
3.515,-0.0949054,1.65667
3.52,-0.0866221,1.66132
3.525,-0.0783155,1.66556
3.53,-0.0699877,1.6694
3.535,-0.0616407,1.67283
3.54,-0.0532766,1.67585
3.545,-0.0448973,1.67846
3.55,-0.036505,1.68066
3.555,-0.0281017,1.68245
3.56,-0.0196894,1.68383
3.565,-0.0112703,1.6848
3.57,-0.00284629,1.68535
3.575,0.00558045,1.68549
3.58,0.0140079,1.68522
3.585,0.022434,1.68453
3.59,0.0308566,1.68343
3.595,0.0392737,1.68191
3.6,0.0476833,1.67999
3.605,0.0560833,1.67765
3.61,0.0644715,1.6749
3.615,0.072846,1.67174
3.62,0.0812047,1.66817
3.625,0.0895456,1.66419
3.63,0.0978665,1.65981
3.635,0.106166,1.65501
3.64,0.114441,1.64982
3.645,0.12269,1.64421
3.65,0.130911,1.63821
3.655,0.139102,1.63181
3.66,0.147261,1.62501
3.665,0.155386,1.61781
3.67,0.163475,1.61022
3.675,0.171526,1.60224
3.68,0.179537,1.59386
3.685,0.187507,1.58511
3.69,0.195432,1.57596
3.695,0.203312,1.56644
3.7,0.211144,1.55653
3.705,0.218927,1.54625
3.71,0.226658,1.5356
3.715,0.234336,1.52458
3.72,0.241959,1.51319
3.725,0.249525,1.50144
3.73,0.257032,1.48932
3.735,0.264479,1.47685
3.74,0.271863,1.46403
3.745,0.279183,1.45086
3.75,0.286437,1.43734
3.755,0.293624,1.42349
3.76,0.300742,1.40929
3.765,0.307788,1.39476
3.77,0.314762,1.3799
3.775,0.321661,1.36471
3.78,0.328485,1.34921
3.785,0.335231,1.33338
3.79,0.341898,1.31725
3.795,0.348484,1.3008
3.8,0.354988,1.28405
3.805,0.361408,1.267
3.81,0.367743,1.24966
3.815,0.373992,1.23203
3.82,0.380152,1.21411
3.825,0.386222,1.19591
3.83,0.392202,1.17743
3.835,0.398089,1.15868
3.84,0.403882,1.13967
3.845,0.409581,1.12039
3.85,0.415183,1.10086
3.855,0.420687,1.08107
3.86,0.426092,1.06104
3.865,0.431398,1.04077
3.87,0.436601,1.02026
3.875,0.441703,0.999517
3.88,0.4467,0.978549
3.885,0.451593,0.95736
3.89,0.45638,0.935955
3.895,0.46106,0.914338
3.9,0.465631,0.892516
3.905,0.470094,0.870493
3.91,0.474446,0.848275
3.915,0.478688,0.825867
3.92,0.482817,0.803274
3.925,0.486833,0.780501
3.93,0.490736,0.757554
3.935,0.494524,0.734438
3.94,0.498196,0.711158
3.945,0.501752,0.68772
3.95,0.50519,0.664129
3.955,0.508511,0.64039
3.96,0.511713,0.616508
3.965,0.514795,0.59249
3.97,0.517758,0.56834
3.975,0.5206,0.544063
3.98,0.52332,0.519666
3.985,0.525918,0.495153
3.99,0.528394,0.470529
3.995,0.530747,0.445801
4,0.532976,0.420973
4.005,0.535081,0.396051
4.01,0.537061,0.37104
4.015,0.538916,0.345945
4.02,0.540646,0.320772
4.025,0.54225,0.295527
4.03,0.543727,0.270214
4.035,0.545078,0.244839
4.04,0.546302,0.219407
4.045,0.5474,0.193924
4.05,0.548369,0.168395
4.055,0.549211,0.142826
4.06,0.549925,0.117221
4.065,0.550511,0.091586
4.07,0.550969,0.0659268
4.075,0.551299,0.0402485
4.08,0.5515,0.0145564
4.085,0.551573,-0.0111441
4.09,0.551517,-0.0368476
4.095,0.551333,-0.0625489
4.1,0.55102,-0.0882424
4.105,0.550579,-0.113923
4.11,0.550009,-0.139585
4.115,0.549311,-0.165223
4.12,0.548485,-0.190832
4.125,0.547531,-0.216407
4.13,0.546449,-0.241941
4.135,0.545239,-0.26743
4.14,0.543902,-0.292869
4.145,0.542438,-0.318251
4.15,0.540847,-0.343572
4.155,0.539129,-0.368826
4.16,0.537285,-0.394008
4.165,0.535315,-0.419112
4.17,0.533219,-0.444133
4.175,0.530998,-0.469065
4.18,0.528653,-0.493904
4.185,0.526184,-0.518643
4.19,0.52359,-0.543278
4.195,0.520874,-0.567802
4.2,0.518035,-0.592212
4.205,0.515074,-0.6165
4.21,0.511991,-0.640662
4.215,0.508788,-0.664692
4.22,0.505465,-0.688585
4.225,0.502022,-0.712336
4.23,0.49846,-0.735939
4.235,0.49478,-0.759388
4.24,0.490983,-0.782679
4.245,0.48707,-0.805806
4.25,0.483041,-0.828763
4.255,0.478897,-0.851546
4.26,0.474639,-0.874148
4.265,0.470269,-0.896565
4.27,0.465786,-0.918791
4.275,0.461192,-0.94082
4.28,0.456488,-0.962648
4.285,0.451675,-0.984269
4.29,0.446753,-1.00568
4.295,0.441725,-1.02687
4.3,0.436591,-1.04784
4.305,0.431351,-1.06858
4.31,0.426008,-1.08909
4.315,0.420563,-1.10936
4.32,0.415016,-1.12938
4.325,0.409369,-1.14916
4.33,0.403623,-1.16868
4.335,0.39778,-1.18795
4.34,0.39184,-1.20695
4.345,0.385806,-1.22568
4.35,0.379677,-1.24414
4.355,0.373456,-1.26232
4.36,0.367145,-1.28021
4.365,0.360744,-1.29782
4.37,0.354255,-1.31513
4.375,0.347679,-1.33215
4.38,0.341018,-1.34886
4.385,0.334274,-1.36526
4.39,0.327448,-1.38136
4.395,0.320541,-1.39713
4.4,0.313555,-1.41259
4.405,0.306492,-1.42772
4.41,0.299354,-1.44251
4.415,0.292141,-1.45698
4.42,0.284856,-1.47111
4.425,0.277501,-1.48489
4.43,0.270076,-1.49833
4.435,0.262585,-1.51141
4.44,0.255028,-1.52415
4.445,0.247407,-1.53652
4.45,0.239724,-1.54853
4.455,0.231982,-1.56018
4.46,0.224181,-1.57146
4.465,0.216323,-1.58236
4.47,0.208412,-1.59289
4.475,0.200447,-1.60304
4.48,0.192432,-1.6128
4.485,0.184368,-1.62218
4.49,0.176257,-1.63118
4.495,0.168101,-1.63978
4.5,0.159902,-1.64798
4.505,0.151662,-1.65579
4.51,0.143383,-1.6632
4.515,0.135067,-1.67021
4.52,0.126716,-1.67682
4.525,0.118332,-1.68302
4.53,0.109917,-1.68881
4.535,0.101473,-1.69419
4.54,0.0930022,-1.69916
4.545,0.0845064,-1.70371
4.55,0.0759879,-1.70785
4.555,0.0674486,-1.71158
4.56,0.0588908,-1.71488
4.565,0.0503164,-1.71777
4.57,0.0417275,-1.72023
4.575,0.0331263,-1.72228
4.58,0.0245149,-1.72391
4.585,0.0158954,-1.72511
4.59,0.00726987,-1.72589
4.595,-0.00135957,-1.72624
4.6,-0.00999079,-1.72618
4.605,-0.0186217,-1.72569
4.61,-0.0272501,-1.72477
4.615,-0.035874,-1.72344
4.62,-0.0444912,-1.72168
4.625,-0.0530996,-1.7195
4.63,-0.061697,-1.71689
4.635,-0.0702815,-1.71387
4.64,-0.0788509,-1.71042
4.645,-0.087403,-1.70656
4.65,-0.0959358,-1.70228
4.655,-0.104447,-1.69758
4.66,-0.112935,-1.69247
4.665,-0.121397,-1.68694
4.67,-0.129832,-1.681
4.675,-0.138237,-1.67465
4.68,-0.14661,-1.66789
4.685,-0.15495,-1.66072
4.69,-0.163253,-1.65315
4.695,-0.171519,-1.64518
4.7,-0.179745,-1.63681
4.705,-0.187929,-1.62804
4.71,-0.196069,-1.61888
4.715,-0.204164,-1.60932
4.72,-0.21221,-1.59938
4.725,-0.220207,-1.58905
4.73,-0.228153,-1.57833
4.735,-0.236044,-1.56724
4.74,-0.24388,-1.55577
4.745,-0.251659,-1.54392
4.75,-0.259379,-1.53171
4.755,-0.267037,-1.51913
4.76,-0.274633,-1.50619
4.765,-0.282164,-1.49288
4.77,-0.289628,-1.47923
4.775,-0.297024,-1.46522
4.78,-0.304351,-1.45086
4.785,-0.311605,-1.43616
4.79,-0.318786,-1.42113
4.795,-0.325891,-1.40575
4.8,-0.33292,-1.39005
4.805,-0.33987,-1.37402
4.81,-0.34674,-1.35767
4.815,-0.353529,-1.341
4.82,-0.360234,-1.32402
4.825,-0.366854,-1.30673
4.83,-0.373388,-1.28913
4.835,-0.379833,-1.27124
4.84,-0.386189,-1.25306
4.845,-0.392455,-1.23458
4.85,-0.398628,-1.21582
4.855,-0.404707,-1.19678
4.86,-0.410691,-1.17747
4.865,-0.416578,-1.15789
4.87,-0.422367,-1.13804
4.875,-0.428058,-1.11793
4.88,-0.433647,-1.09757
4.885,-0.439135,-1.07696
4.89,-0.44452,-1.05611
4.895,-0.4498,-1.03501
4.9,-0.454975,-1.01369
4.905,-0.460044,-0.992134
4.91,-0.465005,-0.970356
4.915,-0.469856,-0.948361
4.92,-0.474598,-0.926153
4.925,-0.479229,-0.903738
4.93,-0.483748,-0.881122
4.935,-0.488153,-0.858308
4.94,-0.492445,-0.835304
4.945,-0.496621,-0.812114
4.95,-0.500682,-0.788744
4.955,-0.504626,-0.765199
4.96,-0.508452,-0.741484
4.965,-0.512159,-0.717605
4.97,-0.515747,-0.693568
4.975,-0.519215,-0.669377
4.98,-0.522562,-0.645039
4.985,-0.525787,-0.620558
4.99,-0.52889,-0.59594
4.995,-0.531869,-0.57119
5,-0.534725,-0.546315
5.005,-0.537457,-0.521319
5.01,-0.540064,-0.496207
5.015,-0.542545,-0.470986
5.02,-0.5449,-0.445661
5.025,-0.547128,-0.420237
5.03,-0.549229,-0.394719
5.035,-0.551203,-0.369114
5.04,-0.553048,-0.343426
5.045,-0.554765,-0.317661
5.05,-0.556354,-0.291824
5.055,-0.557813,-0.265921
5.06,-0.559142,-0.239957
5.065,-0.560342,-0.213938
5.07,-0.561412,-0.187869
5.075,-0.562351,-0.161756
5.08,-0.56316,-0.135603
5.085,-0.563838,-0.109418
5.09,-0.564385,-0.0832036
5.095,-0.564801,-0.0569669
5.1,-0.565086,-0.030713
5.105,-0.565239,-0.0044473
5.11,-0.565262,0.0218248
5.115,-0.565153,0.0480978
5.12,-0.564912,0.0743662
5.125,-0.56454,0.100625
5.13,-0.564037,0.126868
5.135,-0.563403,0.15309
5.14,-0.562637,0.179286
5.145,-0.561741,0.20545
5.15,-0.560714,0.231577
5.155,-0.559556,0.257662
5.16,-0.558267,0.283698
5.165,-0.556849,0.30968
5.17,-0.555301,0.335604
5.175,-0.553623,0.361463
5.18,-0.551815,0.387252
5.185,-0.549879,0.412966
5.19,-0.547814,0.438599
5.195,-0.545621,0.464145
5.2,-0.5433,0.489599
5.205,-0.540852,0.514957
5.21,-0.538278,0.540211
5.215,-0.535577,0.565357
5.22,-0.53275,0.590389
5.225,-0.529798,0.615301
5.23,-0.526721,0.640089
5.235,-0.523521,0.664747
5.24,-0.520197,0.689268
5.245,-0.516751,0.713649
5.25,-0.513183,0.737882
5.255,-0.509493,0.761964
5.26,-0.505683,0.785887
5.265,-0.501754,0.809647
5.27,-0.497706,0.833238
5.275,-0.49354,0.856655
5.28,-0.489256,0.879893
5.285,-0.484857,0.902945
5.29,-0.480342,0.925806
5.295,-0.475713,0.948471
5.3,-0.470971,0.970935
5.305,-0.466116,0.993191
5.31,-0.46115,1.01524
5.315,-0.456074,1.03706
5.32,-0.450889,1.05866
5.325,-0.445595,1.08004
5.33,-0.440195,1.10118
5.335,-0.434689,1.12208
5.34,-0.429079,1.14274
5.345,-0.423365,1.16314
5.35,-0.417549,1.18329
5.355,-0.411633,1.20318
5.36,-0.405617,1.22281
5.365,-0.399503,1.24216
5.37,-0.393292,1.26124
5.375,-0.386986,1.28004
5.38,-0.380586,1.29855
5.385,-0.374093,1.31677
5.39,-0.367509,1.3347
5.395,-0.360836,1.35232
5.4,-0.354074,1.36964
5.405,-0.347226,1.38664
5.41,-0.340293,1.40333
5.415,-0.333276,1.41971
5.42,-0.326177,1.43575
5.425,-0.318999,1.45147
5.43,-0.311741,1.46685
5.435,-0.304407,1.4819
5.44,-0.296998,1.4966
5.445,-0.289515,1.51095
5.45,-0.28196,1.52496
5.455,-0.274335,1.5386
5.46,-0.266642,1.55189
5.465,-0.258883,1.56482
5.47,-0.251058,1.57737
5.475,-0.243172,1.58956
5.48,-0.235224,1.60137
5.485,-0.227217,1.6128
5.49,-0.219153,1.62385
5.495,-0.211034,1.63451
5.5,-0.202861,1.64479
5.505,-0.194637,1.65467
5.51,-0.186364,1.66416
5.515,-0.178043,1.67324
5.52,-0.169677,1.68193
5.525,-0.161267,1.69021
5.53,-0.152816,1.69809
5.535,-0.144326,1.70556
5.54,-0.135798,1.71261
5.545,-0.127235,1.71925
5.55,-0.118639,1.72548
5.555,-0.110011,1.73128
5.56,-0.101355,1.73667
5.565,-0.0926714,1.74163
5.57,-0.0839633,1.74617
5.575,-0.0752325,1.75028
5.58,-0.066481,1.75397
5.585,-0.0577112,1.75723
5.59,-0.0489251,1.76006
5.595,-0.0401248,1.76246
5.6,-0.0313125,1.76442
5.605,-0.0224904,1.76596
5.61,-0.0136606,1.76706
5.615,-0.00482529,1.76773
5.62,0.00401337,1.76797
5.625,0.0128532,1.76777
5.63,0.0216921,1.76714
5.635,0.0305278,1.76608
5.64,0.0393582,1.76458
5.645,0.0481811,1.76265
5.65,0.0569943,1.76029
5.655,0.0657957,1.75749
5.66,0.0745832,1.75427
5.665,0.0833546,1.75061
5.67,0.0921076,1.74653
5.675,0.10084,1.74202
5.68,0.10955,1.73708
5.685,0.118236,1.73172
5.69,0.126894,1.72593
5.695,0.135524,1.71972
5.7,0.144123,1.7131
5.705,0.152688,1.70605
5.71,0.161218,1.69859
5.715,0.169711,1.69072
5.72,0.178165,1.68243
5.725,0.186577,1.67374
5.73,0.194946,1.66464
5.735,0.203269,1.65514
5.74,0.211545,1.64524
5.745,0.219771,1.63494
5.75,0.227946,1.62425
5.755,0.236067,1.61316
5.76,0.244133,1.60169
5.765,0.252141,1.58984
5.77,0.26009,1.5776
5.775,0.267978,1.56498
5.78,0.275803,1.552
5.785,0.283563,1.53864
5.79,0.291256,1.52492
5.795,0.298881,1.51083
5.8,0.306435,1.49639
5.805,0.313917,1.48159
5.81,0.321325,1.46645
5.815,0.328657,1.45095
5.82,0.335912,1.43512
5.825,0.343088,1.41895
5.83,0.350182,1.40245
5.835,0.357195,1.38563
5.84,0.364123,1.36848
5.845,0.370965,1.35101
5.85,0.37772,1.33323
5.855,0.384386,1.31514
5.86,0.390962,1.29674
5.865,0.397446,1.27805
5.87,0.403836,1.25907
5.875,0.410131,1.23979
5.88,0.41633,1.22023
5.885,0.422432,1.2004
5.89,0.428434,1.18029
5.895,0.434335,1.15991
5.9,0.440135,1.13927
5.905,0.445831,1.11837
5.91,0.451423,1.09722
5.915,0.456909,1.07582
5.92,0.462288,1.05418
5.925,0.467559,1.03231
5.93,0.47272,1.0102
5.935,0.477771,0.987868
5.94,0.482711,0.965314
5.945,0.487537,0.942546
5.95,0.49225,0.919569
5.955,0.496848,0.896387
5.96,0.50133,0.873007
5.965,0.505695,0.849434
5.97,0.509942,0.825673
5.975,0.51407,0.801731
5.98,0.518079,0.777612
5.985,0.521967,0.753322
5.99,0.525734,0.728866
5.995,0.529378,0.70425
6,0.532899,0.67948
6.005,0.536297,0.654561
6.01,0.53957,0.629499
6.015,0.542717,0.604299
6.02,0.545738,0.578966
6.025,0.548633,0.553507
6.03,0.551401,0.527926
6.035,0.55404,0.50223
6.04,0.556552,0.476423
6.045,0.558934,0.450512
6.05,0.561186,0.424501
6.055,0.563309,0.398397
6.06,0.565301,0.372205
6.065,0.567162,0.345931
6.07,0.568891,0.319579
6.075,0.570489,0.293156
6.08,0.571955,0.266667
6.085,0.573288,0.240117
6.09,0.574489,0.213513
6.095,0.575557,0.186859
6.1,0.576491,0.160161
6.105,0.577292,0.133424
6.11,0.577959,0.106655
6.115,0.578492,0.079858
6.12,0.578891,0.0530393
6.125,0.579157,0.0262042
6.13,0.579288,-0.000641762
6.135,0.579284,-0.0274931
6.14,0.579147,-0.0543443
6.145,0.578875,-0.0811899
6.15,0.578469,-0.108024
6.155,0.577929,-0.134842
6.16,0.577255,-0.161638
6.165,0.576447,-0.188405
6.17,0.575505,-0.21514
6.175,0.574429,-0.241836
6.18,0.57322,-0.268488
6.185,0.571877,-0.295089
6.19,0.570402,-0.321636
6.195,0.568794,-0.348121
6.2,0.567053,-0.37454
6.205,0.56518,-0.400888
6.21,0.563176,-0.427157
6.215,0.56104,-0.453344
6.22,0.558774,-0.479442
6.225,0.556376,-0.505445
6.23,0.553849,-0.531349
6.235,0.551192,-0.557148
6.24,0.548407,-0.582835
6.245,0.545492,-0.608407
6.25,0.54245,-0.633856
6.255,0.539281,-0.659177
6.26,0.535985,-0.684365
6.265,0.532563,-0.709414
6.27,0.529016,-0.734319
6.275,0.525345,-0.759074
6.28,0.521549,-0.783673
6.285,0.517631,-0.808111
6.29,0.51359,-0.832382
6.295,0.509429,-0.856481
6.3,0.505146,-0.880401
6.305,0.500744,-0.904138
6.31,0.496223,-0.927686
6.315,0.491585,-0.951039
6.32,0.48683,-0.974192
6.325,0.481959,-0.997139
6.33,0.476973,-1.01987
6.335,0.471874,-1.04239
6.34,0.466662,-1.06469
6.345,0.461338,-1.08676
6.35,0.455905,-1.10859
6.355,0.450362,-1.13019
6.36,0.444711,-1.15154
6.365,0.438953,-1.17264
6.37,0.43309,-1.19348
6.375,0.427122,-1.21407
6.38,0.421052,-1.23439
6.385,0.41488,-1.25444
6.39,0.408608,-1.27421
6.395,0.402237,-1.2937
6.4,0.395768,-1.3129
6.405,0.389204,-1.33181
6.41,0.382545,-1.35042
6.415,0.375793,-1.36873
6.42,0.368949,-1.38673
6.425,0.362015,-1.40442
6.43,0.354993,-1.42179
6.435,0.347884,-1.43884
6.44,0.34069,-1.45556
6.445,0.333412,-1.47195
6.45,0.326053,-1.48801
6.455,0.318613,-1.50372
6.46,0.311094,-1.51908
6.465,0.303499,-1.5341
6.47,0.295828,-1.54875
6.475,0.288084,-1.56305
6.48,0.280269,-1.57699
6.485,0.272384,-1.59056
6.49,0.264431,-1.60375
6.495,0.256413,-1.61657
6.5,0.24833,-1.62901
6.505,0.240185,-1.64107
6.51,0.231979,-1.65274
6.515,0.223716,-1.66401
6.52,0.215395,-1.6749
6.525,0.207021,-1.68538
6.53,0.198594,-1.69546
6.535,0.190117,-1.70514
6.54,0.181591,-1.71441
6.545,0.173019,-1.72327
6.55,0.164403,-1.73171
6.555,0.155744,-1.73974
6.56,0.147045,-1.74735
6.565,0.138309,-1.75453
6.57,0.129536,-1.7613
6.575,0.12073,-1.76763
6.58,0.111891,-1.77354
6.585,0.103024,-1.77902
6.59,0.0941287,-1.78406
6.595,0.0852084,-1.78867
6.6,0.076265,-1.79284
6.605,0.0673008,-1.79658
6.61,0.0583179,-1.79988
6.615,0.0493185,-1.80274
6.62,0.0403048,-1.80516
6.625,0.031279,-1.80713
6.63,0.0222433,-1.80867
6.635,0.0132,-1.80976
6.64,0.0041512,-1.81041
6.645,-0.00490083,-1.81061
6.65,-0.0139539,-1.81037
6.655,-0.0230057,-1.80969
6.66,-0.0320542,-1.80856
6.665,-0.0410969,-1.80698
6.67,-0.0501319,-1.80497
6.675,-0.0591567,-1.80251
6.68,-0.0681693,-1.79961
6.685,-0.0771673,-1.79627
6.69,-0.0861487,-1.79249
6.695,-0.0951111,-1.78827
6.7,-0.104052,-1.78361
6.705,-0.112971,-1.77852
6.71,-0.121863,-1.77299
6.715,-0.130728,-1.76702
6.72,-0.139563,-1.76063
6.725,-0.148366,-1.75381
6.73,-0.157135,-1.74656
6.735,-0.165868,-1.73888
6.74,-0.174563,-1.73078
6.745,-0.183216,-1.72226
6.75,-0.191828,-1.71333
6.755,-0.200394,-1.70397
6.76,-0.208914,-1.69421
6.765,-0.217385,-1.68404
6.77,-0.225806,-1.67346
6.775,-0.234173,-1.66248
6.78,-0.242485,-1.6511
6.785,-0.250741,-1.63932
6.79,-0.258937,-1.62715
6.795,-0.267073,-1.61459
6.8,-0.275146,-1.60164
6.805,-0.283154,-1.58832
6.81,-0.291096,-1.57461
6.815,-0.298969,-1.56054
6.82,-0.306772,-1.54609
6.825,-0.314502,-1.53128
6.83,-0.322158,-1.5161
6.835,-0.329739,-1.50057
6.84,-0.337242,-1.48469
6.845,-0.344665,-1.46846
6.85,-0.352007,-1.45189
6.855,-0.359267,-1.43498
6.86,-0.366442,-1.41773
6.865,-0.37353,-1.40016
6.87,-0.380531,-1.38226
6.875,-0.387443,-1.36404
6.88,-0.394263,-1.34551
6.885,-0.40099,-1.32667
6.89,-0.407624,-1.30752
6.895,-0.414161,-1.28808
6.9,-0.420602,-1.26834
6.905,-0.426943,-1.24831
6.91,-0.433185,-1.228
6.915,-0.439325,-1.20741
6.92,-0.445362,-1.18655
6.925,-0.451295,-1.16542
6.93,-0.457122,-1.14403
6.935,-0.462842,-1.12238
6.94,-0.468454,-1.10048
6.945,-0.473956,-1.07833
6.95,-0.479348,-1.05594
6.955,-0.484627,-1.03332
6.96,-0.489794,-1.01047
6.965,-0.494846,-0.987394
6.97,-0.499783,-0.9641
6.975,-0.504604,-0.940593
6.98,-0.509307,-0.91688
6.985,-0.513891,-0.892964
6.99,-0.518356,-0.868853
6.995,-0.5227,-0.844551
7,-0.526923,-0.820064
7.005,-0.531023,-0.795398
7.01,-0.535,-0.770558
7.015,-0.538853,-0.745551
7.02,-0.542581,-0.72038
7.025,-0.546183,-0.695054
7.03,-0.549658,-0.669576
7.035,-0.553006,-0.643952
7.04,-0.556226,-0.618189
7.045,-0.559317,-0.592291
7.05,-0.562278,-0.566265
7.055,-0.565109,-0.540115
7.06,-0.56781,-0.513849
7.065,-0.570379,-0.48747
7.07,-0.572817,-0.460986
7.075,-0.575122,-0.434401
7.08,-0.577294,-0.40772
7.085,-0.579332,-0.380951
7.09,-0.581237,-0.354098
7.095,-0.583007,-0.327167
7.1,-0.584643,-0.300163
7.105,-0.586144,-0.273092
7.11,-0.58751,-0.24596
7.115,-0.588739,-0.218772
7.12,-0.589833,-0.191534
7.125,-0.590791,-0.164251
7.13,-0.591612,-0.136929
7.135,-0.592297,-0.109574
7.14,-0.592845,-0.0821911
7.145,-0.593256,-0.0547857
7.15,-0.59353,-0.0273637
7.155,-0.593666,6.95205e-05
7.16,-0.593666,0.0275083
7.165,-0.593528,0.054947
7.17,-0.593254,0.0823802
7.175,-0.592842,0.109802
7.18,-0.592293,0.137207
7.185,-0.591607,0.16459
7.19,-0.590784,0.191945
7.195,-0.589824,0.219267
7.2,-0.588728,0.246549
7.205,-0.587495,0.273787
7.21,-0.586126,0.300974
7.215,-0.584621,0.328105
7.22,-0.582981,0.355175
7.225,-0.581205,0.382178
7.23,-0.579294,0.409108
7.235,-0.577248,0.43596
7.24,-0.575069,0.462727
7.245,-0.572755,0.489405
7.25,-0.570308,0.515988
7.255,-0.567728,0.542469
7.26,-0.565016,0.568844
7.265,-0.562171,0.595107
7.27,-0.559196,0.621252
7.275,-0.55609,0.647273
7.28,-0.552853,0.673165
7.285,-0.549487,0.698922
7.29,-0.545993,0.724539
7.295,-0.54237,0.750009
7.3,-0.53862,0.775327
7.305,-0.534743,0.800487
7.31,-0.530741,0.825484
7.315,-0.526614,0.850312
7.32,-0.522362,0.874965
7.325,-0.517987,0.899437
7.33,-0.51349,0.923723
7.335,-0.508871,0.947818
7.34,-0.504132,0.971714
7.345,-0.499274,0.995408
7.35,-0.494297,1.01889
7.355,-0.489202,1.04216
7.36,-0.483991,1.06521
7.365,-0.478665,1.08804
7.37,-0.473225,1.11063
7.375,-0.467672,1.13298
7.38,-0.462007,1.1551
7.385,-0.456232,1.17696
7.39,-0.450347,1.19857
7.395,-0.444354,1.21992
7.4,-0.438254,1.241
7.405,-0.432049,1.26182
7.41,-0.42574,1.28236
7.415,-0.419328,1.30262
7.42,-0.412815,1.32259
7.425,-0.406202,1.34226
7.43,-0.399491,1.36165
7.435,-0.392683,1.38072
7.44,-0.385779,1.39949
7.445,-0.378782,1.41795
7.45,-0.371692,1.43609
7.455,-0.364512,1.4539
7.46,-0.357242,1.47139
7.465,-0.349885,1.48854
7.47,-0.342442,1.50535
7.475,-0.334916,1.52183
7.48,-0.327307,1.53795
7.485,-0.319617,1.55372
7.49,-0.311848,1.56913
7.495,-0.304003,1.58418
7.5,-0.296082,1.59886
7.505,-0.288087,1.61317
7.51,-0.280022,1.62711
7.515,-0.271886,1.64066
7.52,-0.263683,1.65384
7.525,-0.255414,1.66662
7.53,-0.24708,1.67901
7.535,-0.238685,1.69101
7.54,-0.23023,1.70261
7.545,-0.221717,1.7138
7.55,-0.213148,1.72459
7.555,-0.204525,1.73496
7.56,-0.195851,1.74492
7.565,-0.187126,1.75447
7.57,-0.178354,1.76359
7.575,-0.169536,1.7723
7.58,-0.160674,1.78057
7.585,-0.151771,1.78842
7.59,-0.142829,1.79584
7.595,-0.13385,1.80282
7.6,-0.124836,1.80936
7.605,-0.115789,1.81547
7.61,-0.106712,1.82114
7.615,-0.097606,1.82636
7.62,-0.0884742,1.83114
7.625,-0.0793185,1.83548
7.63,-0.0701412,1.83936
7.635,-0.0609443,1.8428
7.64,-0.0517304,1.84579
7.645,-0.0425014,1.84832
7.65,-0.0332598,1.85041
7.655,-0.0240078,1.85204
7.66,-0.0147476,1.85322
7.665,-0.00548149,1.85394
7.67,0.0037882,1.85421
7.675,0.0130592,1.85402
7.68,0.0223294,1.85338
7.685,0.0315963,1.85229
7.69,0.0408577,1.85074
7.695,0.0501114,1.84873
7.7,0.059355,1.84628
7.705,0.0685864,1.84337
7.71,0.0778033,1.84001
7.715,0.0870033,1.83619
7.72,0.0961843,1.83193
7.725,0.105344,1.82722
7.73,0.11448,1.82206
7.735,0.12359,1.81646
7.74,0.132673,1.81041
7.745,0.141725,1.80392
7.75,0.150744,1.797
7.755,0.159729,1.78963
7.76,0.168677,1.78183
7.765,0.177587,1.77359
7.77,0.186455,1.76493
7.775,0.195279,1.75584
7.78,0.204058,1.74632
7.785,0.21279,1.73638
7.79,0.221472,1.72602
7.795,0.230102,1.71525
7.8,0.238678,1.70406
7.805,0.247198,1.69246
7.81,0.255661,1.68046
7.815,0.264063,1.66806
7.82,0.272403,1.65525
7.825,0.28068,1.64206
7.83,0.28889,1.62847
7.835,0.297032,1.6145
7.84,0.305105,1.60014
7.845,0.313105,1.58541
7.85,0.321033,1.5703
7.855,0.328884,1.55482
7.86,0.336658,1.53898
7.865,0.344353,1.52277
7.87,0.351967,1.50622
7.875,0.359498,1.48931
7.88,0.366944,1.47205
7.885,0.374305,1.45445
7.89,0.381577,1.43652
7.895,0.38876,1.41825
7.9,0.395851,1.39966
7.905,0.402849,1.38075
7.91,0.409753,1.36152
7.915,0.41656,1.34198
7.92,0.42327,1.32213
7.925,0.429881,1.30198
7.93,0.436391,1.28154
7.935,0.442799,1.26081
7.94,0.449103,1.23979
7.945,0.455302,1.2185
7.95,0.461394,1.19693
7.955,0.467379,1.17509
7.96,0.473254,1.15299
7.965,0.479019,1.13064
7.97,0.484672,1.10803
7.975,0.490213,1.08518
7.98,0.495638,1.06208
7.985,0.500949,1.03875
7.99,0.506143,1.0152
7.995,0.511219,0.991418
8,0.516176,0.967421
8.005,0.521013,0.943212
8.01,0.525729,0.918797
8.015,0.530323,0.894181
8.02,0.534794,0.869371
8.025,0.539141,0.844372
8.03,0.543362,0.81919
8.035,0.547458,0.79383
8.04,0.551428,0.768299
8.045,0.555269,0.742602
8.05,0.558982,0.716744
8.055,0.562566,0.690731
8.06,0.566019,0.66457
8.065,0.569342,0.638266
8.07,0.572534,0.611824
8.075,0.575593,0.585251
8.08,0.578519,0.558551
8.085,0.581312,0.531731
8.09,0.58397,0.504797
8.095,0.586494,0.477754
8.1,0.588883,0.450607
8.105,0.591136,0.423363
8.11,0.593253,0.396027
8.115,0.595233,0.368605
8.12,0.597076,0.341103
8.125,0.598782,0.313526
8.13,0.600349,0.285879
8.135,0.601779,0.25817
8.14,0.60307,0.230402
8.145,0.604222,0.202582
8.15,0.605235,0.174716
8.155,0.606108,0.146808
8.16,0.606842,0.118866
8.165,0.607436,0.0908939
8.17,0.607891,0.0628979
8.175,0.608205,0.0348836
8.18,0.60838,0.00685665
8.185,0.608414,-0.0211773
8.19,0.608308,-0.0492127
8.195,0.608062,-0.0772438
8.2,0.607676,-0.105265
8.205,0.60715,-0.133271
8.21,0.606483,-0.161255
8.215,0.605677,-0.189213
8.22,0.604731,-0.217138
8.225,0.603645,-0.245025
8.23,0.60242,-0.272868
8.235,0.601056,-0.300661
8.24,0.599552,-0.3284
8.245,0.59791,-0.356077
8.25,0.59613,-0.383688
8.255,0.594212,-0.411227
8.26,0.592156,-0.438688
8.265,0.589962,-0.466066
8.27,0.587632,-0.493353
8.275,0.585165,-0.520546
8.28,0.582562,-0.547639
8.285,0.579824,-0.574624
8.29,0.576951,-0.601497
8.295,0.573943,-0.628253
8.3,0.570802,-0.654884
8.305,0.567528,-0.681386
8.31,0.564121,-0.707753
8.315,0.560582,-0.733979
8.32,0.556912,-0.760058
8.325,0.553112,-0.785984
8.33,0.549182,-0.811752
8.335,0.545123,-0.837355
8.34,0.540936,-0.862789
8.345,0.536622,-0.888047
8.35,0.532182,-0.913123
8.355,0.527617,-0.938012
8.36,0.522927,-0.962707
8.365,0.518113,-0.987204
8.37,0.513177,-1.0115
8.375,0.50812,-1.03558
8.38,0.502942,-1.05944
8.385,0.497644,-1.08308
8.39,0.492229,-1.1065
8.395,0.486697,-1.12968
8.4,0.481048,-1.15262
8.405,0.475285,-1.17531
8.41,0.469408,-1.19776
8.415,0.46342,-1.21995
8.42,0.45732,-1.24187
8.425,0.451111,-1.26353
8.43,0.444793,-1.28492
8.435,0.438368,-1.30602
8.44,0.431838,-1.32684
8.445,0.425204,-1.34737
8.45,0.418467,-1.3676
8.455,0.411629,-1.38754
8.46,0.404692,-1.40716
8.465,0.397656,-1.42647
8.47,0.390523,-1.44547
8.475,0.383296,-1.46414
8.48,0.375975,-1.48248
8.485,0.368563,-1.50049
8.49,0.36106,-1.51817
8.495,0.35347,-1.53549
8.5,0.345792,-1.55247
8.505,0.33803,-1.5691
8.51,0.330184,-1.58536
8.515,0.322257,-1.60127
8.52,0.314251,-1.6168
8.525,0.306167,-1.63196
8.53,0.298007,-1.64675
8.535,0.289774,-1.66115
8.54,0.281468,-1.67516
8.545,0.273092,-1.68879
8.55,0.264648,-1.70202
8.555,0.256138,-1.71485
8.56,0.247564,-1.72727
8.565,0.238927,-1.73929
8.57,0.230231,-1.7509
8.575,0.221476,-1.76209
8.58,0.212666,-1.77287
8.585,0.203802,-1.78322
8.59,0.194885,-1.79315
8.595,0.18592,-1.80265
8.6,0.176906,-1.81172
8.605,0.167848,-1.82035
8.61,0.158746,-1.82854
8.615,0.149603,-1.8363
8.62,0.140422,-1.84361
8.625,0.131204,-1.85047
8.63,0.121952,-1.85689
8.635,0.112667,-1.86286
8.64,0.103353,-1.86837
8.645,0.094011,-1.87343
8.65,0.0846438,-1.87804
8.655,0.0752537,-1.88218
8.66,0.0658428,-1.88587
8.665,0.0564134,-1.8891
8.67,0.0469679,-1.89186
8.675,0.0375086,-1.89417
8.68,0.0280378,-1.896
8.685,0.0185578,-1.89738
8.69,0.00907086,-1.89829
8.695,-0.000420593,-1.89874
8.7,-0.00991427,-1.89871
8.705,-0.0194078,-1.89823
8.71,-0.028899,-1.89728
8.715,-0.0383854,-1.89586
8.72,-0.0478647,-1.89398
8.725,-0.0573345,-1.89163
8.73,-0.0667927,-1.88882
8.735,-0.0762368,-1.88555
8.74,-0.0856645,-1.88181
8.745,-0.0950736,-1.87761
8.75,-0.104462,-1.87296
8.755,-0.113826,-1.86784
8.76,-0.123166,-1.86227
8.765,-0.132477,-1.85624
8.77,-0.141758,-1.84977
8.775,-0.151007,-1.84284
8.78,-0.160221,-1.83546
8.785,-0.169398,-1.82763
8.79,-0.178537,-1.81936
8.795,-0.187633,-1.81065
8.8,-0.196687,-1.8015
8.805,-0.205694,-1.79192
8.81,-0.214654,-1.7819
8.815,-0.223563,-1.77145
8.82,-0.232421,-1.76058
8.825,-0.241223,-1.74928
8.83,-0.24997,-1.73756
8.835,-0.258658,-1.72543
8.84,-0.267285,-1.71288
8.845,-0.275849,-1.69993
8.85,-0.284349,-1.68657
8.855,-0.292782,-1.67281
8.86,-0.301146,-1.65865
8.865,-0.309439,-1.6441
8.87,-0.317659,-1.62916
8.875,-0.325805,-1.61384
8.88,-0.333874,-1.59814
8.885,-0.341865,-1.58207
8.89,-0.349775,-1.56563
8.895,-0.357604,-1.54882
8.9,-0.365348,-1.53165
8.905,-0.373006,-1.51412
8.91,-0.380577,-1.49625
8.915,-0.388058,-1.47803
8.92,-0.395448,-1.45947
8.925,-0.402745,-1.44057
8.93,-0.409948,-1.42135
8.935,-0.417055,-1.4018
8.94,-0.424064,-1.38193
8.945,-0.430974,-1.36175
8.95,-0.437782,-1.34126
8.955,-0.444489,-1.32046
8.96,-0.451091,-1.29937
8.965,-0.457588,-1.27799
8.97,-0.463978,-1.25632
8.975,-0.470259,-1.23437
8.98,-0.476431,-1.21214
8.985,-0.482492,-1.18965
8.99,-0.48844,-1.16689
8.995,-0.494275,-1.14387
9,-0.499994,-1.1206
9.005,-0.505597,-1.09709
9.01,-0.511082,-1.07333
9.015,-0.516449,-1.04934
9.02,-0.521696,-1.02512
9.025,-0.526821,-1.00068
9.03,-0.531825,-0.976015
9.035,-0.536705,-0.951141
9.04,-0.541461,-0.926062
9.045,-0.546091,-0.900782
9.05,-0.550595,-0.875308
9.055,-0.554971,-0.849645
9.06,-0.55922,-0.8238
9.065,-0.563339,-0.797777
9.07,-0.567327,-0.771584
9.075,-0.571185,-0.745226
9.08,-0.574911,-0.718708
9.085,-0.578505,-0.692036
9.09,-0.581965,-0.665217
9.095,-0.585291,-0.638256
9.1,-0.588483,-0.611159
9.105,-0.591538,-0.583931
9.11,-0.594458,-0.556579
9.115,-0.597241,-0.529108
9.12,-0.599886,-0.501524
9.125,-0.602394,-0.473833
9.13,-0.604763,-0.44604
9.135,-0.606993,-0.418152
9.14,-0.609084,-0.390174
9.145,-0.611035,-0.362112
9.15,-0.612846,-0.333971
9.155,-0.614515,-0.305757
9.16,-0.616044,-0.277477
9.165,-0.617432,-0.249135
9.17,-0.618677,-0.220738
9.175,-0.619781,-0.192291
9.18,-0.620742,-0.1638
9.185,-0.621561,-0.135271
9.19,-0.622238,-0.106709
9.195,-0.622771,-0.0781197
9.2,-0.623162,-0.0495094
9.205,-0.62341,-0.0208836
9.21,-0.623514,0.00775215
9.215,-0.623475,0.036392
9.22,-0.623293,0.0650304
9.225,-0.622968,0.0936615
9.23,-0.6225,0.12228
9.235,-0.621888,0.150879
9.24,-0.621134,0.179454
9.245,-0.620237,0.207999
9.25,-0.619197,0.236508
9.255,-0.618014,0.264976
9.26,-0.616689,0.293397
9.265,-0.615222,0.321764
9.27,-0.613613,0.350073
9.275,-0.611863,0.378317
9.28,-0.609972,0.406491
9.285,-0.607939,0.434589
9.29,-0.605766,0.462605
9.295,-0.603453,0.490534
9.3,-0.601,0.518369
9.305,-0.598409,0.546105
9.31,-0.595678,0.573737
9.315,-0.592809,0.601257
9.32,-0.589803,0.628661
9.325,-0.58666,0.655943
9.33,-0.58338,0.683096
9.335,-0.579965,0.710115
9.34,-0.576414,0.736994
9.345,-0.572729,0.763727
9.35,-0.56891,0.790309
9.355,-0.564959,0.816733
9.36,-0.560875,0.842993
9.365,-0.55666,0.869084
9.37,-0.552315,0.895
9.375,-0.54784,0.920735
9.38,-0.543236,0.946282
9.385,-0.538505,0.971636
9.39,-0.533647,0.996792
9.395,-0.528663,1.02174
9.4,-0.523554,1.04648
9.405,-0.518321,1.07101
9.41,-0.512966,1.09531
9.415,-0.50749,1.11938
9.42,-0.501893,1.14322
9.425,-0.496177,1.16681
9.43,-0.490343,1.19016
9.435,-0.484392,1.21326
9.44,-0.478326,1.2361
9.445,-0.472145,1.25868
9.45,-0.465852,1.28099
9.455,-0.459447,1.30302
9.46,-0.452932,1.32477
9.465,-0.446308,1.34624
9.47,-0.439577,1.36741
9.475,-0.43274,1.38828
9.48,-0.425798,1.40885
9.485,-0.418754,1.42911
9.49,-0.411608,1.44906
9.495,-0.404363,1.46868
9.5,-0.39702,1.48798
9.505,-0.38958,1.50695
9.51,-0.382045,1.52557
9.515,-0.374417,1.54386
9.52,-0.366698,1.5618
9.525,-0.358889,1.57939
9.53,-0.350992,1.59661
9.535,-0.343009,1.61348
9.54,-0.334942,1.62998
9.545,-0.326792,1.6461
9.55,-0.318561,1.66184
9.555,-0.310252,1.67721
9.56,-0.301866,1.69218
9.565,-0.293405,1.70676
9.57,-0.284871,1.72095
9.575,-0.276266,1.73474
9.58,-0.267593,1.74811
9.585,-0.258852,1.76108
9.59,-0.250047,1.77364
9.595,-0.241179,1.78578
9.6,-0.23225,1.79749
9.605,-0.223262,1.80878
9.61,-0.214218,1.81964
9.615,-0.20512,1.83007
9.62,-0.19597,1.84006
9.625,-0.186769,1.84961
9.63,-0.177521,1.85872
9.635,-0.168228,1.86738
9.64,-0.158891,1.87559
9.645,-0.149513,1.88335
9.65,-0.140096,1.89066
9.655,-0.130643,1.89751
9.66,-0.121155,1.9039
9.665,-0.111636,1.90983
9.67,-0.102087,1.91529
9.675,-0.0925102,1.92029
9.68,-0.0829087,1.92482
9.685,-0.0732846,1.92888
9.69,-0.0636402,1.93248
9.695,-0.0539778,1.93559
9.7,-0.0442999,1.93824
9.705,-0.0346087,1.94041
9.71,-0.0249066,1.94211
9.715,-0.015196,1.94333
9.72,-0.00547939,1.94408
9.725,0.004241,1.94435
9.73,0.0139627,1.94414
9.735,0.0236834,1.94345
9.74,0.0334007,1.94229
9.745,0.0431121,1.94065
9.75,0.0528154,1.93854
9.755,0.0625081,1.93595
9.76,0.0721879,1.93289
9.765,0.0818523,1.92935
9.77,0.091499,1.92534
9.775,0.101126,1.92086
9.78,0.11073,1.9159
9.785,0.12031,1.91048
9.79,0.129862,1.9046
9.795,0.139385,1.89825
9.8,0.148876,1.89143
9.805,0.158333,1.88416
9.81,0.167754,1.87642
9.815,0.177136,1.86823
9.82,0.186477,1.85959
9.825,0.195775,1.85049
9.83,0.205028,1.84095
9.835,0.214233,1.83097
9.84,0.223387,1.82054
9.845,0.23249,1.80967
9.85,0.241538,1.79837
9.855,0.25053,1.78664
9.86,0.259464,1.77448
9.865,0.268336,1.76189
9.87,0.277145,1.74889
9.875,0.28589,1.73547
9.88,0.294567,1.72164
9.885,0.303175,1.7074
9.89,0.311712,1.69275
9.895,0.320176,1.67771
9.9,0.328565,1.66227
9.905,0.336876,1.64644
9.91,0.345108,1.63023
9.915,0.353259,1.61364
9.92,0.361328,1.59667
9.925,0.369311,1.57933
9.93,0.377208,1.56162
9.935,0.385016,1.54356
9.94,0.392733,1.52513
9.945,0.400359,1.50636
9.95,0.407891,1.48724
9.955,0.415327,1.46779
9.96,0.422666,1.448
9.965,0.429906,1.42788
9.97,0.437045,1.40743
9.975,0.444083,1.38667
9.98,0.451016,1.3656
9.985,0.457844,1.34422
9.99,0.464565,1.32254
9.995,0.471178,1.30056
10,0.477681,1.2783
